YEAR,MONTH,SUPPLIER,ITEM CODE,ITEM DESCRIPTION,ITEM TYPE,RETAIL SALES,RETAIL TRANSFERS,WAREHOUSE SALES
2019,3,LABATT USA OPERATING CO LLC,88400,SEAGRAM SPIKED STRWBRRY DAIQURI 12/23.5OZ CAN,BEER,0.0,0.0,6.0
2019,3,MHW LTD,45098,BOLS BRANDY - CHERRY - 1L,LIQUOR,1.24,0.0,0.0
2017,12,DIONYSOS IMPORTS INC,364487,MONTE VELHO ALENTEJO RED - 750ML,WINE,0.81,0.0,1.0
2020,7,SAZERAC CO,76757,MARIE BRIZARD CHOCOLATE ROYAL - 750ML,LIQUOR,0.51,0.0,0.0
2019,4,TREASURY WINE ESTATES AMERICAS COMPANY,72729,LINDEMANS BIN 40 MER - 1.5L,WINE,10.48,11.0,19.0
2019,1,PWSWN INC,48512,BULGARIANA CAB/SYR            329148 - 750ML,WINE,1.13,1.0,1.0
2020,1,YOUNG WON TRADING INC,62647,KYOTO WHITE YUZU ALE - 330ML,BEER,0.0,0.0,1.0
2020,1,BOSTON BEER CORPORATION,2259,DOGFISH HEAD 60 MIN IPA 1/6K,KEGS,0.0,0.0,22.0
2019,1,PUNTO VINO LLC,427707,HILLINGER EVELINE P/NOIR - 750ML,WINE,0.0,0.0,2.0
2017,9,DEUTSCH FAMILY WINE & SPIRITS,431575,JOSH CELLARS CHARD - 750ML,WINE,60.43,58.92,23.0
2017,7,JACKSON FAMILY ENTERPRISES INC,336754,LIBERATED CABERNET SAUVIGNON - 750ML,WINE,4.32,6.0,4.0
2017,11,LEGENDS LTD,12649,STILLWATER STATESIDE - 16OZ CAN,BEER,0.0,0.0,3.0
2019,7,CONSTELLATION BRANDS,75493,ARBOR MIST SANGRIA ZIN - 750ML,WINE,0.0,0.0,9.0
2020,1,MACK & SCHUHLE INC,320999,EL TRACTOR MAL - 750ML,WINE,0.0,0.0,9.0
2018,1,QUINTESSENTIAL LLC,89282,NEW AGE WHITE - 750ML,WINE,3.45,10.67,7.83
2019,11,PUNTO VINO LLC,237800,KALTERN CALDARO P/GRIG (CLYDE'S CUV) - 750ML,WINE,0.0,0.0,23.0
2019,5,CROWN IMPORTS,28411,MODELO CHELADA CANS 12/CS - 24OZ,BEER,5.66,5.0,906.83
2019,2,ANHEUSER BUSCH INC,95028,BUD LIGHT 1/2K,KEGS,0.0,0.0,261.0
2019,9,THE HESS COLLECTION,310219,HESS ALLOMI VYD CAB - 375ML,WINE,0.41,0.0,0.0
2019,2,MHW LTD,81436,CH FOURCAS DUPRE '16 - 750ML,WINE,0.24,26.0,0.0
2017,7,PERNOD RICARD USA LLC,10443,OLMECA ALTOS TEQ - REPOSADO - 750ML,LIQUOR,9.81,10.0,1.0
2019,7,CLIPPER CITY BREWING CO,10095,HEAVY SEAS AMERICANNON 4/6 NR,BEER,4.75,6.0,10.0
2017,11,A VINTNERS SELECTIONS,336038,LA VALENTINA MONTEPUL - 750ML,WINE,0.0,0.0,15.0
2019,11,CONSTELLATION BRANDS,313564,VENDANGE TETRA MER - 500ML,WINE,0.08,0.0,9.0
2020,7,REPUBLIC NATIONAL DISTRIBUTING CO,333629,YEALANDS S/BLC - 750ML,WINE,0.0,0.0,4.0
2017,11,QUINTESSENTIAL LLC,44931,PILLAR BOX RES SHZ - 750ML,WINE,1.8,0.0,0.0
2019,3,BACCHUS IMPORTERS LTD,237211,HANZELL VYDS CHARD - 750ML,WINE,0.0,0.0,1.0
2017,12,BACCHUS IMPORTERS LTD,42522,FELSINA CHN CL RIS RANCIA - 750ML,WINE,0.08,0.0,0.0
2019,9,VICTORY BREWING COMPANY LLC,29620,VICTORY FESTBIER 4/6 NR,BEER,14.33,5.0,13.0
2017,10,LEGENDS LTD,23513,LAGUNITAS PILS 1/2K,KEGS,0.0,0.0,1.0
2017,7,CONSTELLATION BRANDS,70055,BLACK VELVET CINNAMON RUSH - 750ML,LIQUOR,2.84,0.0,0.0
2019,5,ELITE WINES IMPORTS,384399,STIX CAB - 750ML,WINE,0.24,0.0,4.0
2020,1,PRESTIGE BEVERAGE GROUP OF MD LLC,41160,HIGH WIRE DISTILLING NEW SOUTHERN REVIVAL BOURBON WHISKEY - 750ML,LIQUOR,0.17,0.0,0.0
2019,10,"THE COUNTRY VINTNER, LLC DBA WINEBOW",336518,J PORTUGAL RAMOS LOURIERO VV 13 - 750ML,WINE,0.0,0.0,1.0
2017,12,REPUBLIC NATIONAL DISTRIBUTING CO,304583,TOM EDDY TENZ S/BLC - 750ML,WINE,0.16,0.0,0.0
2019,2,HEINEKEN USA,23282,HEINEKEN LIGHT 2/12 FP CAN - 12OZ,BEER,1.0,1.0,30.0
2020,9,LANTERNA DISTRIBUTORS INC,310355,DOM DES HERBAUGES GROLLEAU GRIS - 750ML,WINE,0.0,0.0,8.0
2017,12,TREANA WINERY LLC,83816,LIBERTY SCHOOL P/NOIR - 750ML,WINE,0.33,0.0,0.0
2020,9,DIONYSOS IMPORTS INC,428297,HUNTERS P/NOIR - 750ML,WINE,0.0,0.0,1.0
2018,2,PALM BAY IMPORTS,68225,DRY SACK MEDIUM SHERRY - 750ML,WINE,4.89,5.0,2.0
2019,7,LEGENDS LTD,11360,LAGUNITAS 12TH OF NEVER - 12.OZ 2/12 CAN,BEER,2.0,3.0,16.0
2017,11,NICKOLAS IMPORTS LLC,321361,ZAHARIAS S/BLC - 750ML,WINE,0.0,0.0,2.0
2017,12,REPUBLIC NATIONAL DISTRIBUTING CO,18139,LINGANORE SKIPJACK - 750ML,WINE,11.56,12.0,7.0
2019,11,RELIABLE CHURCHILL LLLP,83102,WOODWORK CAB - 750ML,WINE,0.0,0.0,1.0
2017,7,KATCEF BROTHERS INC,31113,BOLD ROCK PREMIUM DRY - 12.OZ 4/6NR,BEER,0.0,0.0,32.0
2019,7,BARON FRANCOIS LTD,86232,KIWI CUVEE S/BLC - 750ML,WINE,1.14,3.0,2.0
2017,6,REPUBLIC NATIONAL DISTRIBUTING CO,313417,CAPEZZANA BARCO REALE - 750ML,WINE,0.0,0.0,1.0
2019,1,FIFTH GENERATION INC,62847,TITO'S HANDMADE VODKA - 1L,LIQUOR,198.99,185.0,232.0
2019,2,DIAGEO NORTH AMERICA INC,20613,SEAGRAM'S 7 CROWN - 750ML,LIQUOR,10.95,8.0,0.0
2020,3,REPUBLIC NATIONAL DISTRIBUTING CO,310326,CH LASSEGUE LES CADRANS - 750ML,WINE,0.5,1.0,2.0
2017,7,WILLIAM GRANT AND SONS INC,70360,SAILOR JERRY SPICED RUM-92 - 1.75L,LIQUOR,18.83,12.0,0.0
2019,1,SUTTER HOME WINERY INC,84220,SUTTER HOME CAB - 750ML,WINE,6.86,3.67,17.0
2019,3,"THE COUNTRY VINTNER, LLC DBA WINEBOW",415898,VAJRA BAROLO - 750ML,WINE,0.0,0.0,1.0
2019,6,SAZERAC CO,17353,BUFFALO TRACE BOURBON - 750ML,LIQUOR,35.92,23.0,9.0
2019,6,BARON FRANCOIS LTD,401382,PIGMENTUM GEORGE VIGOUROUX MAL - 750ML,WINE,0.96,0.0,0.0
2017,12,MOET HENNESSY USA,41701,NEWTON RED LABEL CHARD - 750ML,WINE,16.56,10.0,1.0
2017,7,ELITE WINES IMPORTS,362069,SAN POLO AUKA MAL - 750ML,WINE,0.0,0.0,3.0
2019,5,DIAGEO NORTH AMERICA INC,70377,GODIVA VODKA - CHOCOLATE RASPBERRY - 750ML,LIQUOR,0.68,0.0,0.0
2020,1,LEGENDS LTD,29030,MAINE TINY SOMETHING BEAUTIFUL 12/16.9.OZ NR,BEER,0.0,0.0,1.0
2019,1,ROYAL WINE CORP,101672,KEDEM SHERRY ROYALE - 750ML,WINE,0.0,0.0,1.0
2019,8,CONSTELLATION BRANDS,21148,HOGUE CAB - 750ML,WINE,3.33,4.0,5.0
2020,1,SOUTHERN GLAZERS WINE AND SPIRITS,83301,GERARD BERTRAND KOSMOS RED - 750ML,WINE,0.72,0.0,0.0
2020,3,LEGENDS LTD,69504,FOUNDERS CENTENNIAL 4/6 CANS,BEER,0.0,0.0,1.0
2017,12,DIONYSOS IMPORTS INC,163759,BOUTARI KRETIKOS WHITE - 750ML,WINE,0.0,0.0,0.0
2017,6,LEGENDS LTD,29078,SOUTHERN TIER TANGIER IPA 4/6 12.OZ NR,BEER,1.25,0.0,0.0
2017,6,REPUBLIC NATIONAL DISTRIBUTING CO,328047,BESO DEL SOL SANGRIA - 3L,WINE,0.0,0.0,2.0
2019,5,TREASURY WINE ESTATES AMERICAS COMPANY,83942,LINDEMANS BIN 85 P/GRIG - 1.5L,WINE,15.14,10.0,8.0
2017,6,CASTLE BRANDS USA CORP,73353,JEFFERSONS EXPERIMENT COLLECTION - 200ML,LIQUOR,3.74,0.0,0.0
2019,9,"THE COUNTRY VINTNER, LLC DBA WINEBOW",188050,BODEGAS CASTANO SOLANERA - 750ML,WINE,0.0,0.0,1.0
2017,6,BACARDI USA INC,73754,BOMBAY GIN - SAPPHIRE EAST - 1L,LIQUOR,5.13,0.0,0.0
2017,12,REPUBLIC NATIONAL DISTRIBUTING CO,357804,A TO Z OREGON P/NOIR - 750ML,WINE,36.95,45.0,34.0
2018,2,BROWN-FORMAN BEVERAGES WORLDWIDE,19291,GENTLEMAN JACK - 750ML,LIQUOR,28.61,33.92,1.0
2019,5,SOUTHERN GLAZERS WINE AND SPIRITS,70298,CASA DRAGONES TEQ JOVEN - 750ML,LIQUOR,0.66,0.0,0.0
2019,4,DELICATO FAMILY VINEYARDS,80844,GNARLY HEAD P/NOIR - 750ML,WINE,36.65,32.0,6.0
2019,2,DIONYSOS IMPORTS INC,320798,KECHRI KECHRIBARI RETSINA WHITE - 750ML,WINE,0.0,0.0,1.0
2020,7,OPICI FAMILY DISTRIBUTING OF MD,353890,LES TOURELLES CHARD MONTAGNY PREMIER CRU 750ML,WINE,0.0,0.0,3.0
2019,2,BACCHUS IMPORTERS LTD,46466,MOHUA S/BLC - 750ML,WINE,0.5,0.0,16.0
2017,12,THE HESS COLLECTION,84697,HESS MONTEREY CHARD - 750ML,WINE,31.25,29.0,20.0
2018,2,DOPS INC,5916,DELIRIUM TREMENS NR - 25.4OZ,BEER,0.64,0.0,16.0
2020,3,LABATT USA OPERATING CO LLC,23044,SEAGRAM VARIETY 2/12 NR - 355ML,BEER,34.5,34.0,78.5
2019,7,CONSTANTINE WINES INC,305306,SAWANOTSURU GENSHU - 150ML,WINE,0.0,0.0,1.0
2019,9,YUENGLING BREWERY,3077,YUENGLING BLACK & TAN 2/12 NR - 12OZ,BEER,29.58,31.0,123.0
2019,11,SAZERAC CO,348422,FIREBALL CINNAMON WHISKY PARTY BUCKET - 20/50ML,LIQUOR,114.27,91.0,0.0
2019,1,MONSIEUR TOUTON SELECTION,392103,CH LESCALLE BORD SUP - 750ML,WINE,0.49,0.0,0.0
2020,7,LAPHAM SALES & MARKETING DBA LAPHAM,73008,CRUZ GARCIA REAL SANGRIA RED - 1.5L,WINE,31.4,36.0,37.0
2019,6,LEGENDS LTD,28815,BALTIMORE BEER WORKS ANNABEL LEE WHITE 4/6 12.OZ NR,BEER,0.25,0.0,15.5
2019,9,HEINEKEN USA,1970,HEINEKEN DRAFT KEG CAN - 5L,BEER,4.5,4.0,78.0
2017,6,JIM BEAM BRANDS CO,70379,PINNACLE VODKA - RAINBOW SHERBET - 750ML,LIQUOR,0.08,0.0,0.0
2019,3,AREL GROUP WINE & SPIRITS,307131,CARLETTO SPARK PROSECCO - 750ML,WINE,0.0,0.0,6.0
2020,9,"THE COUNTRY VINTNER, LLC DBA WINEBOW",356256,CH DE ROUANNE BRUT NATURE ROSE - 750ML,WINE,0.0,0.0,2.0
2017,7,TREASURY WINE ESTATES AMERICAS COMPANY,84111,BERINGER CAL CAB - 1.5L,WINE,7.91,5.0,8.0
2019,11,REPUBLIC NATIONAL DISTRIBUTING CO,337085,SUTTER HOME PINOT NOIR - 187ML,WINE,0.08,0.0,6.0
2019,8,LEGENDS LTD,10936,FOUNDERS DIRTY BASTARD - 4/6,BEER,0.0,0.0,9.0
2019,9,OPICI FAMILY DISTRIBUTING OF MD,317480,SMOKING LOON STEELBIRD CHARD - 750ML,WINE,0.0,0.0,4.0
2017,7,LEGENDS LTD,12849,WEYERBACHER SEXY MOTHERPUCKER 4/6 - 12OZ,BEER,0.0,0.0,5.0
2019,3,HOME BREW MART INC,50102,BALLAST POINT MANGO EVEN KEEL 4/6 CAN,BEER,0.0,0.0,9.0
2019,3,PWSWN INC,341433,KARAS WH WINE - 750ML,WINE,0.0,0.0,1.0
2017,9,A VINTNERS SELECTIONS,435023,HEINZ EIFEL RIES AUS - 750ML,WINE,0.0,0.0,3.0
2019,4,DIONYSOS IMPORTS INC,326215,LOS MEDANOS MAL ORGANIC - 750ML,WINE,0.0,0.0,2.0
2019,4,PRESTIGE BEVERAGE GROUP OF MD LLC,237778,BARRELL DOVETAIL RUM FINISHED WHISKEY - 750ML,LIQUOR,0.34,12.0,0.0
2019,2,REPUBLIC NATIONAL DISTRIBUTING CO,47666,BOISSIERE DRY VERM - 1L,WINE,0.32,0.0,0.0
2019,8,FN CELLARS LLC,42004,NICKEL & NICKEL CC RANCH CAB 16/17 - 750ML,WINE,0.17,0.0,0.0
2019,9,CONSTANTINE WINES INC,344449,FOXGLOVE CHARD - 750ML,WINE,0.0,0.0,13.0
2019,2,GAMBRINUS,95249,SHINER BOCK 1/2K,KEGS,0.0,0.0,7.0
2019,6,SOUTHERN GLAZERS WINE AND SPIRITS,340576,BALLETTO TERESA'S UNOAK CHARD - 750ML,WINE,0.0,0.0,0.0
2019,1,GRAPES OF SPAIN INC,310412,MOLINOS DE DULCINEA WHITE BIB - 5L,WINE,0.0,0.0,13.0
2019,4,"THE COUNTRY VINTNER, LLC DBA WINEBOW",111708,DR PAULY BERG NOBLE HOUSE RIES - 750ML,WINE,0.24,0.0,3.0
2019,5,MONSIEUR TOUTON SELECTION,341990,CH HAUT TUQUET CASTILLON C' BORD - 750ML,WINE,0.0,0.0,3.0
2019,9,"THE COUNTRY VINTNER, LLC DBA WINEBOW",376230,BODEGAS PASO A PASO TEMP - 750ML,WINE,0.0,0.0,9.0
2019,3,SOUTHERN GLAZERS WINE AND SPIRITS,232648,J VIDAL-FLEURY CDR BLANC - 750ML,WINE,0.0,0.0,1.0
2019,11,STOLI GROUP (USA) LLC,166690,STOLI ELIT VODKA W/STEEL CUP & STRAW - 750ML,LIQUOR,1.5,27.0,0.0
2019,10,"THE COUNTRY VINTNER, LLC DBA WINEBOW",44905,FIRE ROAD S/BLC - 750ML,WINE,6.59,7.0,71.0
2017,12,PUNTO VINO LLC,180521,MUSARAGNO P/GRIG - 750ML,WINE,0.0,0.0,15.0
2017,11,NICKOLAS IMPORTS LLC,318040,LOUKATOS RETSINA - 1.5L,WINE,0.0,0.0,1.0
2019,1,MONSIEUR TOUTON SELECTION,232590,ZIOBAFFA ORG PROSECCO - 750ML,WINE,0.0,0.0,1.0
2019,11,"THE COUNTRY VINTNER, LLC DBA WINEBOW",45262,LOIMER GRUNER VELT LOIS - 750ML,WINE,1.64,0.0,0.0
2017,6,OENOS LLC,332139,ANDREOLA VERY X/DRY PROSECCO - 750ML,WINE,0.16,0.0,10.0
2019,7,REPUBLIC NATIONAL DISTRIBUTING CO,351176,PEBBLE LANE ROSE - 750ML,WINE,0.0,0.0,1.0
2018,1,CAMPARI AMERICA LLC,297468,GRAND MARNIER 750 ML GLASS VAP 2017,LIQUOR,0.68,0.0,0.0
2019,6,CONSTELLATION BRANDS,82163,CLOS DU BOIS MER - 750ML,WINE,9.85,6.83,4.0
2018,1,STE MICHELLE WINE ESTATES,83780,CH ST MICH CHARD - 750ML,WINE,40.87,28.0,76.0
2017,9,A VINTNERS SELECTIONS,305380,ENAMORE - 750ML,WINE,1.23,0.0,0.0
2017,7,JIM BEAM BRANDS CO,70508,MAKERS MARK CASK STRENGTH - 375ML,LIQUOR,1.29,0.0,0.0
2017,12,CONSTELLATION BRANDS,86746,TAYLOR CAL WHITE - 3L,WINE,12.5,9.0,2.0
2019,6,SOUTHERN GLAZERS WINE AND SPIRITS,63410,MOUTON CADET RED - 750ML,WINE,4.99,5.0,17.0
2017,10,REPUBLIC NATIONAL DISTRIBUTING CO,307222,BOTA TETRA BOX MOSCATO - 500ML,WINE,0.08,1.0,0.0
2017,9,BACCHUS IMPORTERS LTD,48658,CLINE CAL SYR - 750ML,WINE,0.48,0.0,1.0
2017,9,AREL GROUP WINE & SPIRITS,73377,CANDONI P/NOIR - 750ML,WINE,5.62,7.0,2.0
2018,1,REPUBLIC NATIONAL DISTRIBUTING CO,384978,BUCA DI BEPPO CHN - 1L,WINE,0.0,0.0,3.0
2019,11,LEGENDS LTD,22348,DACHOUFFE LA CHOUFFE NR - 750ML,BEER,0.0,0.0,1.0
2019,3,ROYAL WINE CORP,351984,VITKIN RED ISRAELI JOURNEY - 750ML,WINE,0.0,0.0,2.0
2019,8,LANTERNA DISTRIBUTORS INC,433038,99 VINES P/NOIR - 750ML,WINE,0.0,0.0,2.0
2019,10,INTERBALT PRODUCTS CORP,62011,HUNTER LAGER - 650ML,BEER,0.0,0.0,2.0
2019,9,OPICI FAMILY DISTRIBUTING OF MD,353830,AIME MOSCATO 16 C/O - 750ML,WINE,0.0,0.0,10.0
2017,10,FETZER VINEYARDS,86282,FETZER ANTHONYS HILL CAB - 1.5L,WINE,22.92,22.0,10.0
2019,9,REPUBLIC NATIONAL DISTRIBUTING CO,316397,ANGELA EST P/NOIR - 750ML,WINE,2.17,0.0,0.0
2017,8,BACARDI USA INC,79669,MARTINI & ROSSI DRY VERMOUTH - 375ML,WINE,16.86,18.0,0.0
2020,3,DIAGEO NORTH AMERICA INC,71619,BULLEIT BOURBON - 1.75L,LIQUOR,249.72,240.17,0.0
2019,10,YOUNG WON TRADING INC,196410,SHO CHIKU BAI PREM GINJO SAKE - 300ML,WINE,0.0,0.0,5.0
2019,11,E & J GALLO WINERY,81671,GALLO FAMILY VYDS WH/ZIN - 187ML,WINE,0.0,0.0,7.0
2017,12,E & J GALLO WINERY,81647,GALLO FAMILY VYDS CHARD - 187ML,WINE,0.71,0.0,15.0
2018,1,THE WINE GROUP,83020,BENZIGER SONOMA CHARD - 750ML,WINE,8.56,11.0,4.0
2019,9,DOPS INC,63332,GREENPOINT BRUT IPA 6/4 16OZ CANS,BEER,0.28,0.0,0.0
2019,11,FREDERICK WILDMAN & SONS,42900,BOLLA CHIANTI - 1.5L,WINE,2.53,2.0,1.0
2017,6,INTERBALT PRODUCTS CORP,346875,NISKO LUGER - 500ML,BEER,0.0,0.0,2.0
2019,8,MONSIEUR TOUTON SELECTION,62628,LOUIS LATOUR CHARD - 750ML,WINE,0.91,1.0,0.0
2019,5,DOGFISH HEAD CRAFT BREWERY LLC,23916,DOGFISH HEAD WOOD AGED BITCHES BREW 1/6 KEG,KEGS,0.0,0.0,9.0
2018,2,A VINTNERS SELECTIONS,72605,COUSINO MACUL CHARD - 750ML,WINE,6.3,5.0,2.0
2017,7,PRESTIGE BEVERAGE GROUP OF MD LLC,77501,ASOMBROSO TEQUILA - SILVER - 750ML,LIQUOR,0.17,0.0,0.0
2017,10,ANHEUSER BUSCH INC,26216,BUD ICE 15/25OZ CANS,BEER,0.0,0.0,374.73
2019,4,OPICI FAMILY DISTRIBUTING OF MD,346696,PEIRANO ILLUSION RED - 750ML,WINE,0.0,0.0,9.0
2020,7,PRESTIGE BEVERAGE GROUP OF MD LLC,239500,BARDSTOWN BOURB CO THE PRISONER KY STRAIGHT BOURB WHISKEY - 750ML,LIQUOR,1.36,0.0,0.0
2019,5,SURVILLE ENTERPRISES CORP,81321,B&G BISTRO P/NOIR - 750ML,WINE,0.24,0.0,0.0
2019,6,"THE COUNTRY VINTNER, LLC DBA WINEBOW",427995,J&H SELBACH RIES QBA - 750ML,WINE,0.99,1.0,1.0
2019,6,"THE COUNTRY VINTNER, LLC DBA WINEBOW",313399,SANTA LUZ MALB ALBA - 750ML,WINE,0.0,0.0,1.0
2020,9,REPUBLIC NATIONAL DISTRIBUTING CO,310814,TREANA VIOGNIER/MARSANNE - 750ML,WINE,0.0,0.0,2.0
2019,5,SUTTER HOME WINERY INC,84204,SUTTER HOME MER - 1.5L,WINE,29.21,26.0,36.0
2019,1,BACKUP BEVERAGE,62834,COUNCIL VARIETY SOUR 6/4 CANS,BEER,0.0,0.0,1.0
2019,8,FETZER VINEYARDS,74063,CYT FRONTERA MER - 750ML,WINE,21.02,17.0,28.0
2019,9,CAMPARI AMERICA LLC,35238,SKYY VODKA - 1.75L,LIQUOR,229.94,182.0,0.0
2019,8,TESTA WINES OF THE WORLD LTD,321698,EMPEROR NERO D'AVOLA - 750ML,WINE,0.57,0.0,2.0
2019,3,BOSTON BEER CORPORATION,95338,SAM ADAMS LAGER 1/2K,KEGS,0.0,0.0,54.0
2019,9,CONSTANTINE WINES INC,32573,ZD NAPA VALLEY CHARD - 750ML,WINE,0.25,0.0,0.0
2017,10,WINEBOW INC,306455,CORTE GIARA CHARD - 750ML,WINE,0.25,0.0,0.0
2020,3,BARON FRANCOIS LTD,172162,BEAUROY A GEOFFROY CHAB 1ER CR - 750ML,WINE,1.39,2.0,0.0
2019,5,MILLER BREWING COMPANY,23812,LEINENKUGEL SUMMER SHANDY 2/12 CAN - 12OZ,BEER,49.0,51.0,307.5
2017,12,HEAVEN HILL DISTILLERIES INC,25496,BURNETT'S WHITE SATIN GIN - 1L,LIQUOR,4.31,1.0,0.0
2020,1,HEINEKEN USA,96610,MORETTI 4/6 NR - 12OZ,BEER,5.91,5.0,31.0
2019,11,REPUBLIC NATIONAL DISTRIBUTING CO,40096,MERRYVALE STARMONT CAB - 750ML,WINE,0.32,0.0,0.0
2017,9,ELITE WINES IMPORTS,234320,MICHEL LYNCH RES MEDOC - 750ML,WINE,0.0,0.0,1.0
2020,3,ROYAL WINE CORP,101591,TEAL LAKE RES CAB - 750ML,WINE,0.0,1.0,3.0
2017,12,LEGENDS LTD,28267,MAINE ZOE 1/6 KEG,KEGS,0.0,0.0,1.0
2017,7,PRESTIGE BEVERAGE GROUP OF MD LLC,14575,LOUIS BERNARD CDR VIL - 750ML,WINE,0.91,0.0,0.0
2019,8,"THE COUNTRY VINTNER, LLC DBA WINEBOW",300870,PARCEL 41 MER - 750ML,WINE,0.0,0.0,1.0
2020,7,REPUBLIC NATIONAL DISTRIBUTING CO,77488,TAYLOR LAKE COUNTRY WH - 3L,WINE,1.5,0.0,1.0
2019,5,DIAGEO NORTH AMERICA INC,15164,CRAGGANAMORE SCOTCH 12YR - 750ML,LIQUOR,1.44,1.0,0.0
2017,12,FIVE GRAPES LLC,330360,TRE FRATELLI - 750ML,WINE,0.16,0.0,7.0
2018,1,LABATT USA OPERATING CO LLC,86878,SEAGRAM WILDBERRIES 6/4NR - 355ML,BEER,5.04,7.0,20.0
2019,11,CONSTANTINE WINES INC,308330,BOGLE PHANTOM - 3L,WINE,0.0,0.0,1.0
2017,6,LANTERNA DISTRIBUTORS INC,323534,BETWEEN THE VINES CHARD - 750ML,WINE,0.0,0.0,5.0
2019,4,BOSTON BEER CORPORATION,50759,SAM ADAMS NEW ENGLAND IPA 2/12PK 12OZ CANS,BEER,2.5,1.0,79.5
2019,5,MONSIEUR TOUTON SELECTION,329403,MASSERIA SURAN ARES - 750ML,WINE,0.0,0.0,2.0
2018,1,DC BRAU BREWING LLC,11083,DC BRAU ON THE WINGS OF ARMAGEDDON - 12OZ CAN,BEER,0.0,0.0,49.0
2017,11,PERNOD RICARD USA LLC,300684,ABSOLUT W/2 MASON JARS/STRAWS-750ML,LIQUOR,0.34,34.0,0.0
2019,2,EXCELSIOR WINE COMPANY LLC,24546,CYT FRONTERA CHARD 24/C - 187ML,WINE,0.41,0.0,0.0
2017,8,DOPS INC,26208,DAYOF THE DEAD PALE ALE 4/6NR - 12OZ,BEER,0.0,0.0,1.0
2017,7,SOUTHERN GLAZERS WINE AND SPIRITS,340638,NIETO SENETINER MALB (WOOD) - 750ML,WINE,0.0,0.0,1.0
2017,6,JIM BEAM BRANDS CO,20265,BEAM'S 8 STAR BLEND - 1.75L,LIQUOR,1.84,1.0,0.0
2019,10,THE WINE GROUP,81949,ALMADEN CHARD BIB - 5L,WINE,125.5,112.0,32.0
2017,9,TREASURY WINE ESTATES AMERICAS COMPANY,85040,BERINGER NAPA CAB - 750ML,WINE,0.64,0.0,0.0
2019,5,E & J GALLO WINERY,81657,LIVINGSTON CELLARS SANGRIA - 3L,WINE,0.0,1.0,8.0
2019,8,SANTA MARGHERITA USA INC,83660,SANTA MARGHERITA CHIANTI - 750ML,WINE,0.49,0.0,0.0
2019,2,OPICI FAMILY DISTRIBUTING OF MD,74909,GLENCADAM 13YR SM SCOTCH - 750ML,LIQUOR,0.17,0.0,0.0
2017,11,BACCHUS IMPORTERS LTD,73205,WIGLE HOPPED WHEAT WHISKEY - 750ML,LIQUOR,0.34,1.0,0.0
2019,2,REPUBLIC NATIONAL DISTRIBUTING CO,338835,PEBBLE LANE CHARD - 750ML,WINE,0.0,0.0,4.0
2020,3,MICHAEL R DOWNEY SELECTIONS INC,332627,CHEF GEOFF'S CAVA - 750ML,WINE,0.0,0.0,1.0
2020,3,RELIABLE CHURCHILL LLLP,40953,WILLIAMETTE VLY P/NOIR - 750ML,WINE,3.49,3.0,0.0
2019,2,DIAGEO NORTH AMERICA INC,74093,JOHNNIE WALKER AGED 18YR - 750ML,LIQUOR,24.85,22.0,0.0
2017,12,DIAGEO NORTH AMERICA INC,73107,NAKED TURTLE WHITE RUM - 1L,LIQUOR,7.99,5.0,0.0
2019,1,ROYAL WINE CORP,307831,BARTENURA PROSECCO BRUT - 750ML,WINE,1.79,2.0,5.0
2017,11,COASTAL BREWING COMPANY LLC,26192,FORDHAM GYPSY LAGER 1/2K,KEGS,0.0,0.0,1.0
2020,3,BRONCO WINE COMPANY,81456,COLORES DEL SOL MALBEC - 750ML,WINE,1.48,2.0,6.0
2019,2,ANHEUSER BUSCH INC,48932,GOLDEN ROAD WOLF PUP 2/15PK CAN,BEER,1.0,3.0,36.0
2019,2,VICTORY BREWING COMPANY LLC,23092,VICTORY PRIMA PILS 1/2K,KEGS,0.0,0.0,2.0
2019,1,HEINEKEN USA,51002,STRONGBOW VARIETY 3/12PK 8.5OZ SLIM CAN,BEER,0.0,0.0,13.5
2017,10,REPUBLIC NATIONAL DISTRIBUTING CO,316897,FREEMARK ABBEY SYCAMORE 05 - 750ML,WINE,0.17,0.0,0.0
2019,3,COASTAL BREWING COMPANY LLC,26031,DOMINION DOUBLE D DOUBLE IPA 4/6 NR - 12OZ,BEER,1.25,2.0,36.0
2017,9,CELICAR LLC DBA TWIN VALLEY DISTILLERS,11403,SUGAR ACT BARREL RUM - 750ML,LIQUOR,0.51,0.0,0.0
2020,3,LEGENDS LTD,69459,BITBURGER TRIPLE HOP'D LAGER 50L KEG,KEGS,0.0,0.0,1.0
2019,8,"THE COUNTRY VINTNER, LLC DBA WINEBOW",337137,ELDERTON SHZ CAB E SERIES  - 750ML,WINE,0.0,0.0,1.0
2020,1,LANTERNA DISTRIBUTORS INC,338972,SILVER CREEK CAB - 750ML,WINE,0.0,0.0,4.0
2019,9,"THE COUNTRY VINTNER, LLC DBA WINEBOW",422134,DOM LAFAGE COTE GREN RGE - 750ML,WINE,0.0,0.0,2.0
2017,7,THE WINE GROUP,82465,CORBETT CANYON S/BLC - 1.5L,WINE,0.17,0.0,0.0
2018,2,MHW LTD,72279,BLUE CHAIR BAY COCONUT RUM - 750ML,LIQUOR,0.24,0.0,0.0
2019,9,JIM BEAM BRANDS CO,35777,GILBEY'S VODKA - 375ML,LIQUOR,118.76,116.0,2.0
2019,6,CONSTELLATION BRANDS,54020,WOODBRIDGE P/GRIG - 187ML,WINE,28.79,28.0,51.0
2017,12,MONSIEUR TOUTON SELECTION,427839,RASCAL P/NOIR - 750ML,WINE,6.71,8.0,10.0
2017,11,TRADEWINDS SPECIALTY IMPORTS LLC,435724,EDER CRIANZA - 750ML,WINE,0.0,0.0,1.0
2020,9,SOUTHERN GLAZERS WINE AND SPIRITS,303385,VOGA MOSCATO - 750ML,WINE,0.41,0.0,5.0
2020,7,LEGENDS LTD,10829,WOLFFERS DRY ROSE CIDER - 12.OZ 6/4NR,BEER,0.0,0.0,8.0
2019,8,E & J GALLO WINERY,84924,APOTHIC  CAL CRUSH RED BL - 750ML,WINE,29.13,51.0,51.0
2019,6,SOUTHERN GLAZERS WINE AND SPIRITS,237056,CA BIANCA BRACHETTO D'ACQUI - 750ML,WINE,0.0,0.0,1.0
2017,10,VINTAGE WINE ESTATES INC,84605,WINE SISTERHOOD CAB - 750ML,WINE,4.43,3.0,0.0
2020,1,MOUNT DEFIANCE CIDERY & DISTILLERY LLC,63629,MT. DEFIANCE CASSIS LIQUEUR 375ML,LIQUOR,1.36,6.0,0.0
2019,2,MONSIEUR TOUTON SELECTION,236020,VEUVE DUBARRY CUV PRESTIGE - 750ML,WINE,0.0,0.0,4.0
2020,1,"THE COUNTRY VINTNER, LLC DBA WINEBOW",306611,CHASING LIONS CAB - 750ML,WINE,0.0,0.0,2.0
2019,9,MICHAEL R DOWNEY SELECTIONS INC,437395,VIETTI NEBB PERBACCO - 750ML,WINE,0.0,0.0,1.0
2019,8,DOPS INC,94790,JEVER PILSNER 4/6NR - 11.2OZ,BEER,0.0,1.0,6.0
2019,2,WILLIAM HARRISON IMPORTS,334261,TERRE D VALGRANDE PRIM - 750ML,WINE,0.5,1.0,0.0
2017,12,BOSTON BEER CORPORATION,31105,A/O ORCHARD'S EDGE KNOTTY PEAR NR,BEER,19.29,13.0,62.0
2017,11,BACKUP BEVERAGE,50168,DUCK RABBIT AMBER 4/6 NR,BEER,0.0,0.0,2.0
2018,2,THE EDRINGTON GROUP USA LLC,78221,HIGHLAND PARK DARK ORIGINS - 750ML,LIQUOR,0.51,1.0,0.0
2019,5,WESTERN SPIRITS BEVERAGE COMPANY LLC,70544,KRU 82  IMPORTED VODKA - 750ML,LIQUOR,0.17,0.0,0.0
2017,6,PRESTIGE BEVERAGE GROUP OF MD LLC,33197,MORGAN TWELVE CLONES P/NOIR - 750ML,WINE,0.08,0.0,0.0
2018,2,CONSTELLATION BRANDS,78387,ARBOR MIST EXOTIC FRUIT WH/ZIN - 1.5L,WINE,6.92,4.0,23.0
2019,6,BACCHUS IMPORTERS LTD,342232,PLANTATION 3 STARS RUM -,LIQUOR,7.28,5.0,1.0
2018,1,JACKSON FAMILY ENTERPRISES INC,341660,JACKSON EST SANTA MARIA VLY CHARD - 750ML,WINE,0.0,0.0,8.0
2020,3,BACCHUS IMPORTERS LTD,308601,MATCHBOOK SYR - 750ML,WINE,0.0,0.0,1.0
2019,9,LEGENDS LTD,60650,CIGAR CITY JAI ALAI 4/6 CANS,BEER,13.0,22.0,82.0
2019,10,STELLAR IMPORTING CO LLC,80440,BROUSKO RED - 750ML,WINE,0.32,0.0,0.0
2019,3,INTERBALT PRODUCTS CORP,345715,MARANI ROSE BRUT SPK - 750ML,WINE,0.0,0.0,1.0
2020,1,CONSTANTINE WINES INC,348700,DALVA RUBY PORT - 750ML,WINE,0.34,0.0,2.0
2020,3,PUNTO VINO LLC,238182,COLSANTO ROSSO MONTEFALCO - 750ML,WINE,0.0,0.0,1.0
2019,1,BACCHUS IMPORTERS LTD,236420,LA VIELLE FERME RES SPARK ROSE - 750ML,WINE,0.0,0.0,2.0
2017,12,KOBRAND CORPORATION,314009,CAKEBREAD S/BLC 16/17 - 750ML,WINE,33.18,33.0,7.0
2019,8,DIAGEO NORTH AMERICA INC,46401,DON JULIO REAL - 750ML,LIQUOR,0.68,0.0,0.0
2017,9,PARK STREET IMPORTS LLC,77434,TANTEO TEQUILA - JALAPENO - 750ML,LIQUOR,2.71,7.0,1.0
2017,6,REPUBLIC NATIONAL DISTRIBUTING CO,10693,TAYLOR LAKE COUNTRY RED - 3L,WINE,4.5,3.0,0.0
2019,11,PERNOD RICARD USA LLC,65714,ABSOLUT VODKA - 80 PROOF - 375ML,LIQUOR,18.6,24.0,1.0
2019,8,PRESTIGE BEVERAGE GROUP OF MD LLC,318272,DELOACH MER - 750ML,WINE,0.0,0.0,3.0
2018,2,BACCHUS IMPORTERS LTD,37621,SEVEN DEADLY ZINS ZIN - 750ML,WINE,12.29,15.0,10.0
2019,9,GLOBAL OCEAN AND AIR CARGO SERVICES,333421,ACACIA SWEET RED - 750ML,WINE,8.34,11.0,11.0
2017,10,COMETE WINES LLC,335180,CH ST VALERY ST EMILION - 750ML,WINE,1.29,0.0,1.0
2017,12,A VINTNERS SELECTIONS,312014,THE ORIGINALS RED - 750ML,WINE,0.0,0.0,2.0
2017,9,DON SEBASTIANI & SONS,342242,PEPPERWOOD GROVE PINOT NOIR - 3L,WINE,3.25,0.0,0.0
2017,11,SOUTHERN GLAZERS WINE AND SPIRITS,72775,SABRA ORANGE CHOCOLATE LIQUEUR - 750ML,LIQUOR,0.68,2.0,0.0
2020,9,BACKUP BEVERAGE,60448,AVERY MAHARAJA 4/6 CANS,BEER,0.0,0.0,1.0
2019,10,J LOHR WINERY,81191,J LOHR BAY MIST WHITE RIES - 750ML,WINE,1.55,1.0,4.0
2020,7,ELITE WINES IMPORTS,303410,CH HAUT LARTENAC - 750ML,WINE,0.0,0.0,2.0
2019,1,SUTTER HOME WINERY INC,310381,AVISSI PROSECCO - 750ML,WINE,0.0,0.83,34.0
2020,7,JIM BEAM BRANDS CO,78512,PINNACLE MANGO VODKA - 750ML,LIQUOR,0.33,0.0,0.0
2019,7,WELL OILED WINE COMPANY LLC,342605,ANCIANO GARNACHA - 750ML,WINE,0.0,0.0,4.0
2017,7,PRESTIGE BEVERAGE GROUP OF MD LLC,70391,DINGLE GIN - 750ML,LIQUOR,0.34,0.0,0.0
2019,11,THE WINE GROUP,424730,CUPCAKE MALBEC - 750ML,WINE,2.8,3.0,9.0
2019,6,PRESTIGE BEVERAGE GROUP OF MD LLC,232934,FOUNDING SPIRITS RYE WHISKEY - 750ML,LIQUOR,0.0,0.0,2.0
2019,9,"THE COUNTRY VINTNER, LLC DBA WINEBOW",47927,HEINZ EIFEL RIES MOSEL AUS - 750ML,WINE,0.84,1.0,0.0
2020,9,PERNOD RICARD USA LLC,45012,H WALKER BRANDY - BLACKBERRY - 1L,LIQUOR,2.07,0.0,0.0
2018,2,JIM BEAM BRANDS CO,27448,MCCLELLAND'S HIGHLAND SCOTCH - 750ML,LIQUOR,5.12,4.0,0.0
2019,6,REPUBLIC NATIONAL DISTRIBUTING CO,326019,H WALKER - BLACK RASPBERRY - 1L,LIQUOR,0.0,0.0,1.0
2020,9,SOUTHERN GLAZERS WINE AND SPIRITS,417313,TWO OCEANS CHARD - 1.5L,WINE,0.0,0.0,9.0
2019,8,DIONYSOS IMPORTS INC,321452,PETIT BALTHAZAR PAYS CINSAULT RSE - 750ML,WINE,0.83,0.0,0.0
2017,11,REPUBLIC NATIONAL DISTRIBUTING CO,345427,WESTERN SON BLUEBERRY TEXAS VODKA - 750ML,LIQUOR,4.18,4.0,0.0
2017,9,AMERICAN BEVERAGE CORPORATION,71799,DAILYS COCKTAIL SWEET & SOUR - NA - 1L,BEER,0.91,0.0,0.0
2017,12,REMY COINTREAU USA,70629,METAXA BRANDY 5 STAR - 750ML,LIQUOR,6.74,5.0,0.0
2017,8,KLEIN FAMILY VINTNERS,83097,R STRONG CHARLOTTE S/BLC - 750ML,WINE,17.73,24.0,4.0
2019,11,YOUNG WON TRADING INC,378321,YW SHIRAKABE GURA WHITE LABEL - 300ML,WINE,0.49,0.0,0.0
2017,8,DOPS INC,310343,MONTINORE ESTATE ALMOST DRY RIES - 750ML,WINE,0.0,0.0,0.0
2017,9,BACARDI USA INC,38393,BACARDI RUM - GOLD - 375ML,LIQUOR,32.28,30.0,1.0
2019,11,BOSTON BEER CORPORATION,26003,TWISTED TEA HALF & HALF CANS 12/CS - 24OZ,BEER,0.0,0.0,53.0
2019,6,LEGENDS LTD,24150,OSKAR BLUES MAMAS YELLA PILS 1/2K,KEGS,0.0,0.0,4.0
2017,11,CAMPARI AMERICA LLC,18481,FRANGELICO LIQUEUR - 50ML,LIQUOR,0.45,1.0,0.0
2019,9,THE WINE GROUP,80002,BIG HOUSE BIRDMAN P/GRIG - 3L,WINE,0.17,0.0,4.0
2018,2,REPUBLIC NATIONAL DISTRIBUTING CO,75456,LUXARDO AMARO ABANO - 750ML,LIQUOR,0.16,0.0,0.0
2019,10,DIAGEO NORTH AMERICA INC,44532,SMIRNOFF VODKA - WATERMELON - 50ML,LIQUOR,54.78,51.0,0.0
2017,10,REPUBLIC NATIONAL DISTRIBUTING CO,167908,NEYERS CARNEROS CHARD - 750ML,WINE,0.16,0.0,0.0
2019,9,CONSTELLATION BRANDS,89877,VENDANGE CAB - 1.5L,WINE,6.24,4.0,6.0
2017,10,CONSTELLATION BRANDS,33286,RAVENSWOOD SONOMA ZINFANDEL - 750ML,WINE,6.83,5.0,2.0
2019,9,LEGENDS LTD,30133,TRIPLE KARMELIET GIFT - 6/4,BEER,0.0,0.0,1.0
2019,9,HOTALING & CO LLC,70511,KAVALAN CONCERTMASTER WHISKEY - 750ML,LIQUOR,0.17,1.0,0.0
2017,6,BRONCO WINE COMPANY,55069,STONE CELLARS MER - 750ML,WINE,0.08,0.0,5.0
2017,10,WILSON DANIELS LTD,44625,CRYSTAL HEAD VODKA - 750ML,LIQUOR,5.41,2.0,0.0
2019,5,"THE COUNTRY VINTNER, LLC DBA WINEBOW",351132,FORTALEZA REPOSADO TEQUILA - 750ML,LIQUOR,0.0,0.0,1.0
2018,2,OSLO ENTERPRISE,313421,ANNE DE JOYEUSE MAL - 750ML,WINE,6.8,8.0,2.83
2019,2,PRESTIGE BEVERAGE GROUP OF MD LLC,316004,FORMATION P/NOIR - 750ML,WINE,0.0,0.0,3.0
2020,9,RELIABLE CHURCHILL LLLP,167100,CECCHI CHIANTI DOCG - 750ML,WINE,0.0,0.0,1.0
2017,11,A VINTNERS SELECTIONS,74175,EL DESTILADOR REPOSADO -LITER,LIQUOR,0.0,1.0,5.0
2018,1,ST KILLIAN IMPORTING CO INC,94188,KRONENBOURG 4/6 NR - 12OZ,BEER,14.0,14.0,33.0
2019,11,MONSIEUR TOUTON SELECTION,330945,TWO SISTERS P/NOIR - 750ML,WINE,0.0,0.0,1.0
2017,11,MILLER BREWING COMPANY,69086,BLUE MOON BLGM WHTE ALE 2/12NR - 12OZ,BEER,18.5,14.0,1057.5
2019,6,JACKSON FAMILY ENTERPRISES INC,343064,FREEMARK ABBEY CHARD - 750ML,WINE,2.44,4.0,5.0
2019,3,QUINTESSENTIAL LLC,336751,IRONSTONE CABERNET SAUVIGNON - 750ML,WINE,0.0,0.0,6.0
2017,10,THE HESS COLLECTION,49380,HESS COLLECTION CAB - 750ML,WINE,0.17,1.0,0.0
2019,5,KYSELA PERE ET FILS LTD,232452,BODEGAS VINSACRO DIORO RIOJA 10 - 750ML,WINE,0.17,0.0,0.0
2019,5,REPUBLIC NATIONAL DISTRIBUTING CO,318836,JOEL GOTT P/GRIS - 750ML,WINE,1.86,3.0,0.0
2020,1,"THE COUNTRY VINTNER, LLC DBA WINEBOW",181064,OXFORD LANDING MER - 750ML,WINE,0.0,0.0,1.0
2020,1,BANVILLE & JONES WINE MERCHANTS,238616,ANDELUNA RAICES LIMIT ED MALBEC - 750ML,WINE,0.0,0.0,10.0
2017,9,A VINTNERS SELECTIONS,307135,BORSAO BLANCO - 750ML,WINE,0.65,1.0,0.0
2019,3,STE MICHELLE WINE ESTATES,42600,CSM INDIAN WELLS CAB - 750ML,WINE,8.72,8.0,7.0
2020,1,J LOHR WINERY,52078,J LOHR SEVEN OAKS CAB (SC) - 375ML,WINE,10.15,9.83,4.0
2017,9,A VINTNERS SELECTIONS,347937,VALLE REALE MONTEPULICANO DABRUZZO POPOLI 750 ML,WINE,0.0,0.0,2.0
2019,10,PWSWN INC,340093,CH CAZENOVE BORD SUP - 750ML,WINE,0.0,0.0,2.0
2019,5,"THE COUNTRY VINTNER, LLC DBA WINEBOW",349440,CATHEAD HOODOO CHICORY LIQUEUR - 750ML,LIQUOR,0.0,0.0,1.0
2017,6,CHEVAL QUANCARD,85612,CH OLIVER PESSAC LEOGNAN '11 - 750ML,WINE,0.16,0.0,0.0
2019,1,PRESTIGE BEVERAGE GROUP OF MD LLC,232546,CANTINE ELVIO TINTERO ROSATO - 750ML,WINE,0.0,0.0,1.0
2019,9,RELIABLE CHURCHILL LLLP,345954,CECCHI BONIZIO TUSCAN RED - 1.5L,WINE,0.0,0.0,14.0
2019,6,LEGENDS LTD,27548,CARLSBERG 50L - 1/2K,KEGS,0.0,0.0,3.0
2019,11,PIPE CREEK WINES LLC,348420,CH ROCHER CALON ST. EMILION - 750ML,WINE,0.0,0.0,4.0
2019,10,"THE COUNTRY VINTNER, LLC DBA WINEBOW",338694,DR LOOSEN DR L DRY RIES - 750ML,WINE,2.87,2.0,6.0
2017,11,ELITE WINES IMPORTS,348953,TORBRECK WOODCUTTERS SHZ - 750ML,WINE,0.32,0.0,2.0
2018,1,SOKOL BLOSSER LTD,305995,SOKOL BLOSSER P/GRIS - 750ML,WINE,0.33,1.0,0.0
2017,8,BACCHUS IMPORTERS LTD,343862,MATHILDA CASSIS - 750ML,LIQUOR,0.0,0.0,2.0
2019,9,PERNOD RICARD USA LLC,50733,KAHLUA COFFEE - 1.75L,LIQUOR,27.98,24.0,0.0
2018,2,A VINTNERS SELECTIONS,399167,ALTOSUR CAB - 750ML,WINE,0.0,0.0,5.0
2020,1,RIGHT FORWARD LLC,11918,RIGHT PROPER RAISED BY WOLVES - 1/2K,KEGS,0.0,0.0,5.0
2017,10,INTERNATIONAL CELLARS LLC,303063,PACIFIC REDWOOD CAB - 750ML,WINE,0.0,0.0,1.0
2017,6,REPUBLIC NATIONAL DISTRIBUTING CO,313886,STELLA ROSA BLK RED - 250ML,WINE,0.37,1.0,0.0
2019,2,THE WINE GROUP,349220,D'ORSAY FRENCH ROSE - 750ML,WINE,3.4,1.0,1.0
2020,9,THE WINE GROUP,82244,FRANZIA CHABLIS BIB - 5L,WINE,23.5,22.0,90.0
2019,8,SOUTHERN GLAZERS WINE AND SPIRITS,238058,FLAT TOP HILLS CAB - 750ML,WINE,0.0,0.0,2.0
2019,10,BACARDI USA INC,38601,BACARDI RUM - GOLD - 1.75L,LIQUOR,63.51,90.0,0.0
2017,7,PRESTIGE BEVERAGE GROUP OF MD LLC,71972,LOCH LOMOND 12YR -750ML,LIQUOR,0.51,0.0,0.0
2019,1,NARRAGANSETT BREWING COMPANY,88368,NARRAGANSETT LAGER 16.0Z 6PK CAN,BEER,0.0,0.0,29.0
2020,9,ANHEUSER BUSCH INC,25983,OMISSION PALE ALE 4/6 NR - 12OZ,BEER,8.25,7.0,48.0
2019,6,LCF WINE COMPANY LLC,318082,LANGE TWINS CHARD - 750ML,WINE,0.0,0.0,2.0
2020,9,DISARONNO INTERNATIONAL LLC,51691,AMARETTO DI SARONNO - 375ML,LIQUOR,0.32,1.0,0.0
2017,11,FRANCIS COPPOLA WINERY LLC,52744,COPPOLA DIAMOND ZIN - 750ML,WINE,29.08,36.0,2.0
2017,6,BACCHUS IMPORTERS LTD,311091,CLINE COOL CLIMATE P/NOIR - 750ML,WINE,0.0,0.0,1.0
2019,7,E & J GALLO WINERY,80380,J VINEYARDS RR/ SONOMA CHARD,WINE,4.39,4.0,1.0
2017,10,INTERBALT PRODUCTS CORP,311868,SANTERO D'ASTI - 750ML,WINE,0.0,0.0,2.0
2020,1,REPUBLIC NATIONAL DISTRIBUTING CO,423912,CLIFFORD BAY S/BLC - 750ML,WINE,0.0,0.0,6.0
2017,9,RELIABLE CHURCHILL LLLP,141127,OZEKI SAKE - 750ML,WINE,0.0,0.0,3.0
2019,10,AMERICAN BEVERAGE MARKETERS,70924,MASTER OF MIXES COCKTAIL ESS LIME JUICE - 375ML,NON-ALCOHOL,39.31,42.0,2.0
2020,7,JIM BEAM BRANDS CO,11886,JIM BEAM WHITE - 375ML,LIQUOR,27.2,23.0,0.0
2019,10,PRESTIGE BEVERAGE GROUP OF MD LLC,317451,LAN ZUR MAL - 750ML,WINE,0.24,0.0,1.0
2018,2,MONSIEUR TOUTON SELECTION,43981,FINCA DECERO MAL - 750ML,WINE,0.0,0.0,8.0
2017,11,LUNEAU USA INC,104639,JULES BERTIER SPARK - 750ML,WINE,0.08,0.0,3.0
2017,8,A VINTNERS SELECTIONS,330466,BUTTERNUT CHARD - 19.5L,WINE,0.0,0.0,1.0
2019,2,SOUTHERN GLAZERS WINE AND SPIRITS,318500,HOUSE WINE MTN MER            319847 - 750ML,WINE,0.0,0.0,7.0
2017,11,REPUBLIC NATIONAL DISTRIBUTING CO,40282,MICHELE CHIARLO NIVOLE MOSCATO - 375ML,WINE,1.59,0.0,1.0
2019,5,THE WINE GROUP,32131,FISH EYE SHZ - 3L,WINE,2.86,2.0,0.0
2019,5,OPICI FAMILY DISTRIBUTING OF MD,345734,DOM BOUSQUET MAL - 750ML,WINE,0.0,0.0,3.0
2019,3,LANTERNA DISTRIBUTORS INC,166420,PACIFICANA CHARD - 750ML,WINE,0.0,0.0,2.0
2018,1,REPUBLIC NATIONAL DISTRIBUTING CO,64912,OGGI P/GRIG - 750ML,WINE,0.16,0.0,0.0
2019,6,DESCHUTES BREWERY INC,60114,DESCHUTES MIRROR POND PALE ALE 4/6 NR,BEER,0.0,0.0,2.0
2019,11,DIONYSOS IMPORTS INC,143588,BOUTARI NEMEA RED - 750ML,WINE,0.08,0.0,0.0
2017,10,REPUBLIC NATIONAL DISTRIBUTING CO,179337,ESPERTO P/GRIG - 750ML,WINE,0.0,0.0,5.0
2017,11,CONSTELLATION BRANDS,86118,WOODBRIDGE CAB - 750ML,WINE,69.47,82.0,103.0
2019,3,THE BROOKLYN BREWERY CORPORATION,92746,BROOKLYN PILSNER 4/6NR - 12OZ,BEER,0.0,0.0,7.0
2017,7,RELIABLE CHURCHILL LLLP,44316,OLD PULTENEY 21YR - 750ML,LIQUOR,0.51,0.0,0.0
2018,1,REPUBLIC NATIONAL DISTRIBUTING CO,90010,VERDI SPRK PEACH MB NR - 750ML,BEER,0.0,0.0,4.0
2019,5,DIAGEO NORTH AMERICA INC,20613,SEAGRAM'S 7 CROWN - 750ML,LIQUOR,9.98,8.0,0.0
2020,9,RELIABLE CHURCHILL LLLP,240523,FREIXENET ICE CUVEE ROSE NV - 750ML,WINE,0.0,0.0,1.0
2019,9,THE WINE GROUP,21326,FISH EYE CHARD - 750ML,WINE,6.06,4.0,11.0
2017,11,E & J GALLO WINERY,68691,BELLA SERA P/GRIG - 750ML,WINE,12.08,11.0,20.0
2019,10,SOUTHERN GLAZERS WINE AND SPIRITS,340115,HOUSE WINE MER - 3L,WINE,0.0,0.0,1.0
2019,5,MONSIEUR TOUTON SELECTION,312445,LA BORGEOISE SANCERRE - 750ML,WINE,0.0,0.0,1.0
2018,1,BACCHUS IMPORTERS LTD,118176,ALTOS DE LAS HORMIGAS MAL - 750ML,WINE,0.24,2.0,4.0
2020,1,REPUBLIC NATIONAL DISTRIBUTING CO,98213,SAPPORO DRAFT NR 12/CS - 20.3OZ,BEER,0.08,0.0,34.0
2017,10,SOUTHERN GLAZERS WINE AND SPIRITS,337215,FINCA FLICHMAN MALB - 750ML,WINE,7.3,1.0,0.0
2017,11,CONSTANTINE WINES INC,329466,QUINTA DE AVELEDA - 750ML,WINE,0.0,0.0,2.0
2018,1,REPUBLIC NATIONAL DISTRIBUTING CO,17779,LINGANORE MAY WINE - 750ML,WINE,0.32,0.0,0.0
2020,7,BOSTON BEER CORPORATION,51140,TRULY WILD BERRY 1/12PK 24OZ CAN,BEER,30.8,6.0,75.92
2017,9,BROWN-FORMAN BEVERAGES WORLDWIDE,71724,GENTLEMAN JACK - 375ML,LIQUOR,1.52,0.0,0.0
2019,2,CONSTELLATION BRANDS,313564,VENDANGE TETRA MER - 500ML,WINE,0.0,0.0,3.0
2019,10,Default,106,SIX BOTTLE WINE TOTE (NO LOGO),STR_SUPPLIES,1.0,8.0,0.0
2017,6,A VINTNERS SELECTIONS,435163,CHARLES BOVE SPARK - 750ML,WINE,0.0,0.0,2.0
2020,3,WESTERN SPIRITS BEVERAGE COMPANY LLC,71485,TWENTY GRAND VODKA - APPLE -750ML,LIQUOR,0.5,0.0,0.0
2017,8,TREASURY WINE ESTATES AMERICAS COMPANY,81265,CH ST JEAN SONOMA CHARD 6/CS - 750ML,WINE,1.18,7.0,2.0
2020,1,CLIPPER CITY BREWING CO,2615,HEAVY SEAS DOUBLE CANNON 4/6NR - 12OZ,BEER,13.0,16.0,82.0
2017,11,THE WINE GROUP,84913,FRANZIA CHIANTI BIB - 5L,WINE,16.25,10.0,17.0
2019,3,MONSIEUR TOUTON SELECTION,337932,GR ORDINAIRE GR RES VIGNE NOIR - 750ML,WINE,0.0,0.0,1.0
2020,1,OPICI FAMILY DISTRIBUTING OF MD,329024,OPICI SANGRIA RED - 3L,WINE,0.0,0.0,1.0
2020,9,CONSTELLATION BRANDS,54003,R MONDAVI PR SEL P/GRIG - 750ML,WINE,2.54,2.0,7.0
2020,1,J LOHR WINERY,85065,J LOHR RIVERSTONE CHARD - 750ML,WINE,109.79,88.0,56.0
2019,9,SUTTER HOME WINERY INC,323951,MENAGE A TROIS MER - 750ML,WINE,0.32,1.0,0.0
2019,7,LUNEAU USA INC,317696,TAVERNELLO P/GRIG - 1.5L,WINE,0.0,0.0,1.0
2017,12,LEGENDS LTD,5169,OMMEGANG ABBEY ALE 6/4PK NR - 12OZ,BEER,0.34,0.0,3.0
2017,10,PROXIMO SPIRITS INC,29556,BUSHMILLS BLACK BUSH IRISH WHSKY - 750ML,LIQUOR,4.55,18.0,0.0
2018,1,REPUBLIC NATIONAL DISTRIBUTING CO,44245,STAGS LEAP CASK 23 6/CS - 750ML,WINE,0.33,1.0,0.0
2019,3,"THE COUNTRY VINTNER, LLC DBA WINEBOW",309822,CANTINA NALLES P/GRIG - 750ML,WINE,0.0,0.0,2.0
2019,6,LEGENDS LTD,27647,SIXPOINT SWEET ACTION 4/6 CANS - 12OZ,BEER,1.16,2.0,2.0
2017,10,E & J GALLO WINERY,89680,SOUVERAIN CAB - 750ML,WINE,19.55,18.0,10.0
2019,1,BACCHUS IMPORTERS LTD,88277,ROUND HILL CAL MER - 750ML,WINE,0.0,0.0,1.0
2017,8,MONSIEUR TOUTON SELECTION,233744,PETIT BOURGEOIS CAB/FR  - 750ML,WINE,0.0,0.0,6.0
2019,4,DIAGEO NORTH AMERICA INC,44663,SMIRNOFF VODKA - CIRUS TW - 375ML,LIQUOR,0.08,0.0,0.0
2018,2,LEGENDS LTD,10293,OSKAR BLUES IPA - 1/2,KEGS,0.0,0.0,2.0
2019,8,DIONYSOS IMPORTS INC,406198,ERMITA PETRER TINTO ORGANIC - 750ML,WINE,0.0,0.0,1.0
2020,1,CONSTANTINE WINES INC,348706,RISKY GRAPES ATANCE - 750ML,WINE,0.0,0.0,2.0
2017,12,JIM BEAM BRANDS CO,47417,PINNACLE VODKA - WHIPPED - 1L,LIQUOR,1.04,0.0,0.0
2018,2,RUSSIAN STANDARD VODKA (USA) INC,336753,RUSSIAN STANDARD PLATINUM - 750ML,LIQUOR,0.96,0.0,0.0
2019,4,"THE COUNTRY VINTNER, LLC DBA WINEBOW",46082,TILIA TORRONTES - 750ML,WINE,0.0,0.0,1.0
2019,4,SCHMITT SOHNE INC,65145,SOHNE RIES QBA (BLUE) - 1.5L,WINE,12.74,0.0,0.0
2017,7,C MONDAVI & SONS,84461,C K MONDAVI SCARLET FIVE - 1.5L,WINE,1.51,2.0,0.0
2018,2,INTERBALT PRODUCTS CORP,348164,BATUKO ELEGANT SAUVIGNON BLANC - 750ML,WINE,0.0,0.0,4.0
2017,8,A VINTNERS SELECTIONS,12980,CATENA ALTA CAB - 750ML,WINE,0.67,0.0,0.0
2020,9,HUB WINE CORPORATION,351276,90+ CELLARS LOT 155 SOCO ZINFANDEL - 750ML,WINE,0.0,0.0,1.0
2017,8,PROXIMO SPIRITS INC,71149,STRANAHANS COLORADO WHISKEY - 750ML,LIQUOR,1.7,1.0,0.0
2019,4,DIAGEO NORTH AMERICA INC,78383,CAPTAIN MORGAN 100 PROOF RUM - 50ML,LIQUOR,6.18,3.0,0.0
2019,3,LEGENDS LTD,63420,THE BRUERY FRUCHT: GRAPEFRUIT AND SALT 1/6 KEG,KEGS,0.0,0.0,2.0
2019,1,AMERICAN FIDELITY TRADING,101079,KSARA CUV DU PAPE CHARD - 750ML,WINE,0.0,0.0,0.0
2017,7,THE WINE GROUP,86445,FRANZIA P/GRIG COL- 5L,WINE,59.25,49.75,34.0
2019,10,"THE COUNTRY VINTNER, LLC DBA WINEBOW",339537,DIBON BRUT ROSE - 750ML,WINE,0.0,0.0,5.0
2019,7,"THE COUNTRY VINTNER, LLC DBA WINEBOW",40803,SELBACH RIES DRY - 750ML,WINE,0.08,0.0,0.0
2019,7,TRADEWINDS SPECIALTY IMPORTS LLC,309225,ALEXANDRO CREAM - 375ML,WINE,0.0,0.0,1.0
2020,9,DIAGEO NORTH AMERICA INC,27545,JOHNNIE WALKER RED - 750ML,LIQUOR,49.13,44.0,1.0
2020,1,FREIXENET USA,72583,R BARBIER MED RED - 750ML,WINE,5.06,6.0,5.0
2019,2,REPUBLIC NATIONAL DISTRIBUTING CO,303484,PLYMOUTH SLOE GIN - 750ML,LIQUOR,0.33,0.0,0.0
2017,8,JACK POUST & COMPANY INC,64033,ENRICO PROSECCO BRUT 6/CS - 750ML,WINE,8.03,8.0,1.0
2019,5,DOPS INC,90760,CHIMAY PREMIERE RED CAP NR - 25.4OZ,BEER,0.48,1.0,2.0
2017,12,LAPHAM SALES & MARKETING DBA LAPHAM,306681,LOMBARDO MARASALA SWEET - 750ML,WINE,0.16,0.0,2.0
2019,3,DIAGEO NORTH AMERICA INC,78397,CAPTAIN MORGAN 100 PROOF RUM - 1.75L,LIQUOR,41.17,39.0,0.0
2019,6,YUENGLING BREWERY,23924,YUENGLING LAGER CANS - 24OZ,BEER,0.0,0.0,154.0
2020,3,DIAGEO NORTH AMERICA INC,58092,KETEL ONE VODKA-W/GLASS - 750ML,LIQUOR,0.34,4.0,0.0
2019,8,PERNOD RICARD USA LLC,36714,ABSOLUT VODKA - MANDRIN - 50ML,LIQUOR,2.67,2.0,0.0
2020,3,E & J GALLO WINERY,76288,NEW AMSTERDAM VODKA - 50ML,LIQUOR,13.94,15.0,0.0
2017,9,CONSTANTINE WINES INC,44869,GLAETZER WALLACE SHZ/GREN - 750ML,WINE,0.08,0.0,0.0
2019,9,DIAGEO NORTH AMERICA INC,28002,JOHNNIE WALKER RED - 50ML,LIQUOR,3.85,5.0,0.0
2017,12,FLAVOR SEEKERS LLC,335484,MANGRIA BROSE WINE COCKTAIL - 750ML,WINE,0.4,0.0,0.0
2019,10,"THE COUNTRY VINTNER, LLC DBA WINEBOW",81344,TILIA MERLOT - 750ML,WINE,0.82,1.0,2.0
2019,4,ARTISANS & VINES LLC,346828,BALDUCCI'S S/BLC - 750ML,WINE,0.0,0.0,17.0
2019,3,E & J GALLO WINERY,83313,LIVINGSTON CELLARS CHABLIS BLC - 1.5L,WINE,8.21,11.0,24.0
2019,7,RVWC LLC,348580,RAMONA LEMON WINE SPRITZ - 250ML,WINE,0.0,0.0,1.0
2017,10,CELICAR LLC DBA TWIN VALLEY DISTILLERS,11403,SUGAR ACT BARREL RUM - 750ML,LIQUOR,0.17,0.0,0.0
2017,8,ASAHI BEER USA INC,95516,ASAHI DRY 12/1 LTR CAN - 1L,BEER,7.49,8.0,72.0
2020,7,NEXTERRA WINE COMPANY,64005,COOPER'S HAWK WINTER RED 750ML,WINE,0.0,0.0,1.0
2017,6,PWSWN INC,312018,LOUIS COUTURIER BOURG CHARD - OAK - 750ML,WINE,0.0,0.0,3.0
2020,1,BACCHUS IMPORTERS LTD,304244,REVOLUTION MAL - 750ML,WINE,0.0,0.0,3.0
2019,3,ELITE WINES IMPORTS,237494,DOM NICOLAS ROSSIGNOL BEAUNE 1ER CRU REVERSEES - 750ML,WINE,0.0,0.0,1.0
2019,5,REPUBLIC NATIONAL DISTRIBUTING CO,234802,MT VEEDER MT BRAVE CAB 14 - 1.5L,WINE,0.0,0.0,0.0
2019,10,REPUBLIC NATIONAL DISTRIBUTING CO,126764,MANISCHEWITZ BLACKBERRY - 3L,WINE,0.75,1.0,0.0
2020,1,CAMPARI AMERICA LLC,18481,FRANGELICO LIQUEUR - 50ML,LIQUOR,0.12,0.0,0.0
2017,11,HEINEKEN USA,30885,STRONGBOW CHERRY BLOSSOM - 11.2OZ NR,BEER,3.0,3.0,29.75
2020,9,PUNTO VINO LLC,354341,BEAUCHENE PINOT NOIR - 750ML,WINE,1.66,2.0,5.0
2017,10,A VINTNERS SELECTIONS,331410,BUTTERNUT P/NOIR - 750ML,WINE,0.0,0.0,2.0
2017,11,DOPS INC,27651,DELIRIUM RED NR - 750ML,BEER,0.0,0.0,2.0
2020,3,JIM BEAM BRANDS CO,38768,RONRICO RUM - GOLD - 1.75L,LIQUOR,41.49,39.0,0.0
2019,11,BANVILLE & JONES WINE MERCHANTS,54259,QUADRI P/GRIG - 750ML,WINE,5.65,5.0,29.0
2017,10,DOPS INC,97024,GLUTENBERG PALE ALE - 16OZ CAN,BEER,0.0,0.0,1.0
2018,2,JACK POUST & COMPANY INC,64033,ENRICO PROSECCO BRUT 6/CS - 750ML,WINE,7.01,5.83,3.0
2019,4,BACKUP BEVERAGE,61077,DE LEITE JEUN' HOMME 11.2OZ LOOSE NR,BEER,0.0,0.0,1.0
2017,11,LEGENDS LTD,12936,FOUNDERS GREEN ZEBRA - 4/6CAN,BEER,0.0,0.0,9.0
2020,1,THE WINE GROUP,89575,TRIBUNO DRY VERMOUTH - 1L,WINE,7.44,4.0,1.0
2017,10,THE WINE GROUP,84692,BIG HOUSE PINOT EVIL P/NOIR - 3L,WINE,8.49,9.0,6.0
2019,3,CONSTANTINE WINES INC,336247,UNDERWOOD ROSE CAN - 375ML,WINE,1.44,3.0,4.0
2020,7,ELITE WINES IMPORTS,340271,BILLECART-SALMON NICOLAS FRANCOIS 02 - 750ML,WINE,0.0,0.0,1.0
2019,11,BACCHUS IMPORTERS LTD,47810,PRICHARDS SWEET LUCY BOURBON LIQ - 750ML,LIQUOR,1.53,4.0,0.0
2017,10,ELITE WINES IMPORTS,393975,THOMAS HENRY CHARD - 750ML,WINE,0.0,0.0,6.0
2020,9,BRONCO WINE COMPANY,75620,HACIENDA CHARD - 750ML,WINE,6.65,7.0,1.0
2019,1,ARTISANS & VINES LLC,350310,LUSTIG ZWEIGELT ROSE - 750ML,WINE,0.0,0.0,1.0
2017,12,BRONCO WINE COMPANY,84545,PICKET FENCE S/BLANC - 750ML,WINE,0.74,0.0,0.0
2019,3,REPUBLIC NATIONAL DISTRIBUTING CO,48693,BOOTLEGGER 21 VODKA - 750ML,LIQUOR,0.34,0.0,0.0
2020,9,ELITE WINES IMPORTS,315161,CA LA BIONDA VAL SUP - 750ML,WINE,0.0,0.0,1.0
2019,7,BROWN-FORMAN BEVERAGES WORLDWIDE,44829,SONOMA CUTRER P/NOIR - 750ML,WINE,0.34,0.0,0.0
2018,1,A VINTNERS SELECTIONS,320036,SANT ANTONIO CORVINA SCAIA - 750ML,WINE,0.0,0.0,1.0
2019,11,"THE COUNTRY VINTNER, LLC DBA WINEBOW",345168,JACOPO POLI MOSCATO GRAPPA - 375ML,LIQUOR,0.17,0.0,0.0
2019,1,DEUTSCH FAMILY WINE & SPIRITS,336865,JOSH CELLARS LEGACY - 750ML,WINE,18.86,24.92,11.0
2019,8,ROYAL WINE CORP,307787,BARTENURA ROSSO TOSCANO - 750ML,WINE,0.32,1.0,0.0
2019,9,BUCK DISTRIBUTING COMPANY INC,68431,BELLS OCTOBERFEST 4/6 NR,BEER,16.29,43.0,112.0
2017,6,E & J GALLO WINERY,85684,NAKED GRAPE HARVEST RED BLEND - 3L,WINE,0.0,0.0,1.0
2019,9,E & J GALLO WINERY,80587,BAREFOOT REFRESH MOSCATO SPRITZER - 250ML,WINE,6.32,11.0,14.0
2017,8,TREASURY WINE ESTATES AMERICAS COMPANY,88145,STERLING NAPA VLY CAB - 750ML,WINE,7.24,8.0,1.0
2017,11,MONSIEUR TOUTON SELECTION,45421,VILLA JOLANDA PROSECCO HOLIDAY - 750ML,WINE,0.0,0.0,76.0
2017,7,SOUTHERN GLAZERS WINE AND SPIRITS,71220,MAGELLAN GIN - 750ML,LIQUOR,0.17,0.0,0.0
2019,2,A VINTNERS SELECTIONS,323853,MONTELLIANIA EX BRUT PROS 6/CS - 750ML,WINE,0.0,0.0,24.0
2017,7,DIONYSOS IMPORTS INC,311278,BRANDY 1920 - 1L,LIQUOR,0.0,0.0,1.0
2017,10,YOUNG WON TRADING INC,313988,CHUM-CHURUM SOONHARI YUZU SOJU (CITRON) - 375ML,LIQUOR,4.4,8.0,0.0
2019,1,LEGENDS LTD,62772,LEFT HAND WAKE UP DEAD NITRO 6/4 CANS,BEER,0.0,0.0,1.0
2017,7,REPUBLIC NATIONAL DISTRIBUTING CO,317853,KENWOOD CAB - 375ML,WINE,0.0,0.0,1.0
2019,8,HEAVEN HILL DISTILLERIES INC,11860,ELIJAH CRAIG BOURBON  - 750ML,LIQUOR,27.55,35.0,2.0
2020,1,PERNOD RICARD USA LLC,42358,H WALKER DE MENTHE - GREEN - 750ML,LIQUOR,1.07,5.0,0.0
2020,3,SALVETO IMPORTS LLC,344300,PROEMIO-MALBEC - 750ML,WINE,0.24,0.0,0.0
2020,7,SOUTHERN GLAZERS WINE AND SPIRITS,317632,FATTORIADEL CERRO VINO NOBILE - 750ML,WINE,0.0,0.0,1.0
2019,7,BARON FRANCOIS LTD,335007,CH DE LA DEIDIERE ROSE - 750ML,WINE,2.87,2.0,4.0
2018,1,DIONYSOS IMPORTS INC,350087,BORGES PORTO RUBY - 750ML,WINE,0.0,0.0,3.0
2018,2,E & J GALLO WINERY,71872,NEW AMSTERDAM VODKA - COCONUT - 1.75L,LIQUOR,5.44,5.0,0.0
2018,1,YOUNG WON TRADING INC,46340,SHO CHIKU BAI NIGORI SAKE - 1.5L,WINE,3.68,5.0,2.0
2020,9,RELIABLE CHURCHILL LLLP,85183,DAILYS HURRICANE - 10.0Z,WINE,0.32,0.0,0.0
2019,10,LEGENDS LTD,63836,OMMEGANG 3 PHILOSOPHERS BLUEBERRY 1/6 KEG,KEGS,0.0,0.0,1.0
2019,9,ARTISANS & VINES LLC,320143,ZONTES FOOTSTEP LAKE DOCTOR - 750ML,WINE,0.0,0.0,3.0
2018,1,IMPERO WINE DISTRIBUTORS VIRGINIA INC,348553,BONFANTE CHIARLE BARBERA D'ASTI - 750ML,WINE,0.0,0.0,2.0
2017,11,MONSIEUR TOUTON SELECTION,332661,LE MACCHIOLE BOLGHERI ROSSO - 750ML,WINE,0.0,0.0,2.0
2020,7,DIONYSOS IMPORTS INC,323897,BEL AIR CRU BEAUJ BROUILLY - 750ML,WINE,0.0,0.0,1.0
2019,7,LEGENDS LTD,11358,OMMEGANG WITTE - 12.OZ 4/6NR,BEER,0.0,0.0,4.0
2019,6,PUNTO VINO LLC,361593,BRICO DEI TATI BARBERA - 750ML,WINE,0.66,0.0,16.0
2017,11,FLYING DOG BREWERY LLLP,23054,FLYING DOG GONZO IMP. PRTR 1/6K,KEGS,0.0,0.0,9.0
2020,9,REPUBLIC NATIONAL DISTRIBUTING CO,357731,ARCENO CHIANTI CLS RES RED - 750ML,WINE,1.01,1.0,0.0
2017,6,ELITE WINES IMPORTS,335003,BESO DE RECHENNA CAVA - 750ML,WINE,0.0,0.0,6.0
2019,4,E & J GALLO WINERY,77135,REDWOOD CREEK CHARD - 1.5L,WINE,22.84,26.0,8.0
2017,11,FLYING DOG BREWERY LLLP,25581,FLYING DOG THE TRUTH 1/2K,KEGS,0.0,0.0,8.0
2019,7,NEXTERRA WINE COMPANY,64152,COOPER'S HAWK ROSE 750ML,WINE,0.0,0.0,25.0
